{
  "epochs": [
    1,
    2,
    3,
    4,
    5,
    6,
    7,
    8,
    9,
    10,
    11,
    12,
    13,
    14,
    15,
    16,
    17,
    18,
    19,
    20
  ],
  "losses": [
    0.0024632153981365263,
    0.002225352399982512,
    0.002207082736014854,
    0.0021921537500456906,
    0.0021828656552825123,
    0.0021648295082268305,
    0.002171574369596783,
    0.0021568334376788696,
    0.002154909494158346,
    0.0021389683131710626,
    0.002138130467035808,
    0.0021264361618668773,
    0.002119302594102919,
    0.002120966630638577,
    0.0021028311626869254,
    0.0021082357675768436,
    0.002108502465125639,
    0.0020800779595156202,
    0.002067825120699126,
    0.0020937794193741865
  ],
  "times": [
    0.6645736694335938,
    0.5099785327911377,
    0.5072646141052246,
    0.5062587261199951,
    0.4838571548461914,
    0.48507237434387207,
    0.48655176162719727,
    0.48389172554016113,
    0.4862945079803467,
    0.4871988296508789,
    0.4846792221069336,
    0.4850335121154785,
    0.48443126678466797,
    0.4862070083618164,
    0.4854738712310791,
    0.48798680305480957,
    0.48656749725341797,
    0.4862091541290283,
    0.48509764671325684,
    0.48877811431884766
  ],
  "best_loss": 0.002067825120699126,
  "total_samples": 8000,
  "architecture": "robot_state_only"
}