{
  "epochs": [
    1,
    2,
    3,
    4,
    5,
    6
  ],
  "losses": [
    0.0,
    0.0,
    0.0,
    0.0,
    0.0,
    0.0
  ],
  "times": [
    23.549098253250122,
    21.70364737510681,
    25.145002365112305,
    23.361019134521484,
    19.934372186660767,
    23.787458181381226
  ],
  "model_hash": 3901580639
}