{
  "evaluation_config": {
    "test_samples": 480,
    "device": "cuda",
    "timestamp": 1756855966.7585464
  },
  "berkeley_results": {
    "model_name": "Berkeley",
    "num_samples": 480,
    "overall_mse": 0.0013546149712055922,
    "overall_rmse": 0.03680509436485107,
    "overall_r2": 0.17371895909309387,
    "per_dimension_mse": [
      6.958140875212848e-05,
      3.764806388062425e-05,
      4.503471791394986e-05,
      7.945551624288782e-05,
      9.861161379376426e-05,
      0.00018342997645959258,
      0.008968536742031574
    ],
    "per_dimension_r2": [
      0.5171750783920288,
      0.27784085273742676,
      0.5245897173881531,
      -0.016208529472351074,
      0.00982522964477539,
      -0.0119096040725708,
      -0.08526837825775146
    ]
  },
  "dr_results": {
    "model_name": "DR Baseline",
    "num_samples": 480,
    "overall_mse": 0.00414265738800168,
    "overall_rmse": 0.06436347868163808,
    "overall_r2": -17.766735076904297,
    "per_dimension_mse": [
      0.0005474930512718856,
      0.0006026607006788254,
      0.008429467678070068,
      0.00108809070661664,
      0.0009165063966065645,
      0.00033276190515607595,
      0.0170816108584404
    ],
    "per_dimension_r2": [
      -2.7990503311157227,
      -10.560141563415527,
      -87.98591613769531,
      -12.916303634643555,
      -8.20278549194336,
      -0.8357139825820923,
      -1.0670185089111328
    ]
  },
  "comparison": {
    "winner": "Berkeley",
    "berkeley_mse": 0.0013546149712055922,
    "dr_mse": 0.00414265738800168,
    "mse_improvement_percent": 67.30082060058974,
    "berkeley_r2": 0.17371895909309387,
    "dr_r2": -17.766735076904297,
    "r2_improvement_percent": 100.97777649264843,
    "berkeley_better": true
  }
}