{
  "episode": 7500,
  "avg_reward": 0.505,
  "success_rate": 55.00000000000001,
  "timestamp": 1756822678.5200715
}