{
  "episode": 1000,
  "avg_reward": 0.8350000000000002,
  "success_rate": 85.0,
  "timestamp": 1756822674.778899
}