{
  "episode": 8000,
  "avg_reward": 0.45000000000000007,
  "success_rate": 50.0,
  "timestamp": 1756822678.821442
}