{
  "episode": 4000,
  "avg_reward": 0.8899999999999999,
  "success_rate": 90.0,
  "timestamp": 1756822676.3719456
}