{
  "episode": 9500,
  "avg_reward": 0.23000000000000004,
  "success_rate": 30.0,
  "timestamp": 1756822679.7188838
}