{
  "episode": 5500,
  "avg_reward": 0.5599999999999999,
  "success_rate": 60.0,
  "timestamp": 1756822677.2952995
}